[{"pk": 1, "model": "site.objectauthority", "fields": {"name": "Private", "description": "Private (only owners who are given access)"}}, {"pk": 2, "model": "site.objectauthority", "fields": {"name": "Public with link", "description": "Public with link"}}, {"pk": 3, "model": "site.objectauthority", "fields": {"name": "Public (everyone)", "description": "Public (everyone)"}},
 {"pk": 1, "model": "site.userauthority", "fields": {"name": "Can View"}}, {"pk": 2, "model": "site.userauthority", "fields": {"name": "Can Edit"}}, {"pk": 3, "model": "site.userauthority", "fields": {"name": "Can Manage"}},
 {"pk": 2, "model": "site.layout", "fields": {"map_width_pixels": 980, "is_mini_form": false, "display_name": "Landscape", "name": "landscape_data_entry", "is_active": true, "is_data_entry": true, "map_height_pixels": 505, "is_landscape": true, "border_width": 6, "qr_size_pixels": 100}}, {"pk": 1, "model": "site.layout", "fields": {"map_width_pixels": 726, "is_mini_form": false, "display_name": "Portrait", "name": "portrait_data_entry", "is_active": true, "is_data_entry": true, "map_height_pixels": 770, "is_landscape": false, "border_width": 6, "qr_size_pixels": 100}}, {"pk": 4, "model": "site.layout", "fields": {"map_width_pixels": 726, "is_mini_form": false, "display_name": "Report", "name": "portrait_report", "is_active": true, "is_data_entry": false, "map_height_pixels": 930, "is_landscape": false, "border_width": 2, "qr_size_pixels": 100}}, {"pk": 5, "model": "site.layout", "fields": {"map_width_pixels": 980, "is_mini_form": false, "display_name": "Landscape", "name": "landscape_report", "is_active": true, "is_data_entry": false, "map_height_pixels": 670, "is_landscape": true, "border_width": 2, "qr_size_pixels": 100}}, {"pk": 3, "model": "site.layout", "fields": {"map_width_pixels": 726, "is_mini_form": true, "display_name": "Portrait + Form", "name": "portrait_with_form_data_entry", "is_active": true, "is_data_entry": true, "map_height_pixels": 460, "is_landscape": false, "border_width": 6, "qr_size_pixels": 100}},
 {"pk": 1, "model": "site.datatype", "fields": {"name": "Text", "sql": "character varying(1000)"}}, {"pk": 2, "model": "site.datatype", "fields": {"name": "Integer", "sql": "integer"}}, {"pk": 3, "model": "site.datatype", "fields": {"name": "Date / Time", "sql": "timestamp with time zone"}}, {"pk": 4, "model": "site.datatype", "fields": {"name": "Yes/ No", "sql": "boolean"}}, {"pk": 5, "model": "site.datatype", "fields": {"name": "Decimal", "sql": "double precision"}}, {"pk": 6, "model": "site.datatype", "fields": {"name": "Rating", "sql": "integer"}},
 {"pk": 1, "model": "site.overlaysource", "fields": {"name": "cloudmade"}}, {"pk": 2, "model": "site.overlaysource", "fields": {"name": "osm"}}, {"pk": 3, "model": "site.overlaysource", "fields": {"name": "usgs"}}, {"pk": 4, "model": "site.overlaysource", "fields": {"name": "localground_hosted"}}, {"pk": 5, "model": "site.overlaysource", "fields": {"name": "google"}}, {"pk": 6, "model": "site.overlaysource", "fields": {"name": "stamen"}},
 {"pk": 1, "model": "site.overlaytype", "fields": {"name": "Base Tileset", "description": "<p>Treated like a basemap tileset (like satellite imagery, topo, etc.)</p>"}}, {"pk": 2, "model": "site.overlaytype", "fields": {"name": "Tileset Overlay", "description": "<p>A tileset that will be rendered on top of a basemap tileset (e.g.: schools, jurisdictional boundaries, etc.)</p>"}},
 {"pk": 9, "model": "site.wmsoverlay", "fields": {"provider_id": "satellite", "extents": null, "name": "Satellite", "is_printable": true, "overlay_type": 1, "max_zoom": 20, "auth_groups": [], "overlay_source": 5, "min_zoom": 1, "owner": null, "last_updated_by": null, "wms_url": "http://maps.google.com/maps/api/staticmap?sensor=false&maptype=satellite", "time_stamp": "2011-09-13 19:05:03", "description": "<p>Google's Satellite tiles</p>"}}, {"pk": 3, "model": "site.wmsoverlay", "fields": {"provider_id": "hybrid", "extents": null, "name": "Hybrid", "is_printable": true, "overlay_type": 1, "max_zoom": 20, "auth_groups": [], "overlay_source": 5, "min_zoom": 1, "owner": null, "last_updated_by": null, "wms_url": "http://maps.google.com/maps/api/staticmap?sensor=false&maptype=hybrid", "time_stamp": "2011-09-13 19:05:03", "description": "<p>Google Hybrid</p>"}}, {"pk": 4, "model": "site.wmsoverlay", "fields": {"provider_id": "terrain", "extents": null, "name": "Terrain", "is_printable": true, "overlay_type": 1, "max_zoom": 20, "auth_groups": [], "overlay_source": 5, "min_zoom": 1, "owner": null, "last_updated_by": null, "wms_url": "http://maps.google.com/maps/api/staticmap?sensor=false&maptype=terrain", "time_stamp": "2011-09-13 19:05:03", "description": "<p>Terrain</p>"}}, {"pk": 1, "model": "site.wmsoverlay", "fields": {"provider_id": "1", "extents": null, "name": "Mapnik", "is_printable": true, "overlay_type": 1, "max_zoom": 18, "auth_groups": [], "overlay_source": 1, "min_zoom": 1, "owner": null, "last_updated_by": null, "wms_url": "http://tile.openstreetmap.org/", "time_stamp": "2011-09-13 19:05:03", "description": "<p>Generic OSM Layer</p>"}}, {"pk": 5, "model": "site.wmsoverlay", "fields": {"provider_id": "county", "extents": "POLYGON ((-124.2773437500000000 42.0117187500000000, -120.0146484375000000 41.9677734375000000, -120.0146484375000000 39.1113281250000000, -114.6093750000000000 35.0244140625000000, -114.1699218750000000 34.1455078125000000, -114.6533203125000000 32.8710937500000000, -117.2021484375000000 32.5195312500000000, -117.6855468750000000 33.4423828125000000, -120.5419921875000000 34.4091796875000000, -123.6621093750000000 38.8037109375000000, -124.4531250000000000 40.1660156250000000, -124.1455078125000000 41.2207031250000000, -124.2773437500000000 42.0117187500000000))", "name": "California Counties", "is_printable": true, "overlay_type": 2, "max_zoom": 20, "auth_groups": [1, 6], "overlay_source": 4, "min_zoom": 1, "owner": null, "last_updated_by": null, "wms_url": "county", "time_stamp": "2011-09-13 19:05:03", "description": ""}}, {"pk": 15, "model": "site.wmsoverlay", "fields": {"provider_id": "42072", "extents": null, "name": "Fineline", "is_printable": true, "overlay_type": 1, "max_zoom": 18, "auth_groups": [], "overlay_source": 1, "min_zoom": 1, "owner": null, "last_updated_by": null, "wms_url": "", "time_stamp": "2011-09-13 19:05:03", "description": ""}}, {"pk": 2, "model": "site.wmsoverlay", "fields": {"provider_id": "roadmap", "extents": null, "name": "Roadmap", "is_printable": true, "overlay_type": 1, "max_zoom": 20, "auth_groups": [], "overlay_source": 5, "min_zoom": 1, "owner": null, "last_updated_by": null, "wms_url": "http://maps.google.com/maps/api/staticmap?sensor=false&maptype=roadmap&style=feature:poi.school|element:geometry|saturation:-79|lightness:75", "time_stamp": "2011-09-13 19:05:03", "description": "<p>Google's Roadmap</p>"}}, {"pk": 16, "model": "site.wmsoverlay", "fields": {"provider_id": "grocers_by_category", "extents": null, "name": "Oakland Food Retail Outlets by Type", "is_printable": true, "overlay_type": 2, "max_zoom": 20, "auth_groups": [1, 6], "overlay_source": 4, "min_zoom": 1, "owner": null, "last_updated_by": null, "wms_url": "", "time_stamp": "2011-09-14 16:16:07", "description": "<p>Oakland Food Retail Outlets by Type</p>"}}, {"pk": 17, "model": "site.wmsoverlay", "fields": {"provider_id": "grocers_by_rating", "extents": null, "name": "Oakland Food Retail Outlets by Rating", "is_printable": true, "overlay_type": 2, "max_zoom": 20, "auth_groups": [1, 6], "overlay_source": 4, "min_zoom": 1, "owner": null, "last_updated_by": null, "wms_url": "", "time_stamp": "2011-09-14 16:33:19", "description": "<p>Oakland Food Retail Outlets by Sentiment</p>"}}, {"pk": 18, "model": "site.wmsoverlay", "fields": {"provider_id": "47098", "extents": null, "name": "Dark", "is_printable": true, "overlay_type": 1, "max_zoom": 20, "auth_groups": [1, 2, 3, 4, 5, 6], "overlay_source": 1, "min_zoom": 1, "owner": null, "last_updated_by": null, "wms_url": "", "time_stamp": "2011-10-21 16:53:45", "description": ""}}, {"pk": 11, "model": "site.wmsoverlay", "fields": {"provider_id": "grocers", "extents": null, "name": "Oakland Food Retail Outlets (Visited)", "is_printable": true, "overlay_type": 2, "max_zoom": 20, "auth_groups": [1, 6], "overlay_source": 4, "min_zoom": 1, "owner": null, "last_updated_by": null, "wms_url": "grocers", "time_stamp": "2011-09-14 16:15:12", "description": "<p>Base Grocery Store Layer</p>"}}, {"pk": 22, "model": "site.wmsoverlay", "fields": {"provider_id": "grocers_all", "extents": null, "name": "Oakland Food Retail Outlets (All)", "is_printable": true, "overlay_type": 2, "max_zoom": 20, "auth_groups": [1, 6], "overlay_source": 4, "min_zoom": 1, "owner": null, "last_updated_by": null, "wms_url": "grocers_all", "time_stamp": "2012-07-02 12:40:32", "description": ""}}, {"pk": 12, "model": "site.wmsoverlay", "fields": {"provider_id": "19599", "extents": null, "name": "Grayscale", "is_printable": true, "overlay_type": 1, "max_zoom": 18, "auth_groups": [], "overlay_source": 1, "min_zoom": 1, "owner": null, "last_updated_by": null, "wms_url": "", "time_stamp": "2011-09-13 19:05:03", "description": ""}}, {"pk": 20, "model": "site.wmsoverlay", "fields": {"provider_id": "watercolor", "extents": null, "name": "Watercolor", "is_printable": false, "overlay_type": 1, "max_zoom": 20, "auth_groups": [], "overlay_source": 6, "min_zoom": 1, "owner": null, "last_updated_by": null, "wms_url": "", "time_stamp": "2012-05-16 13:43:51", "description": "Stamen's Watercolor"}},
 {"pk": 2, "model": "site.statuscode", "fields": {"name": "Processed successfully", "description": "The map image was processed successfully."}}, {"pk": 3, "model": "site.statuscode", "fields": {"name": "Processed manually", "description": "This map image was manually processed and geo-referenced successfully."}}, {"pk": 1, "model": "site.statuscode", "fields": {"name": "Ready for processing", "description": "This map image has been queued for processing."}}, {"pk": 7, "model": "site.statuscode", "fields": {"name": "QR Code not read", "description": "The bar code reader encountered an error"}}, {"pk": 5, "model": "site.statuscode", "fields": {"name": "Directory missing", "description": "Applies to old scans which have been ported over to v2 (Richmond stuff)"}}, {"pk": 4, "model": "site.statuscode", "fields": {"name": "Unknown error encountered", "description": "Errors were encountered when processing this map image.  Please review the image and try again."}}, {"pk": 6, "model": "site.statuscode", "fields": {"name": "Print not found", "description": "No print found that matches the QR code"}}, {"pk": 8, "model": "site.statuscode", "fields": {"name": "QR rectangle not found", "description": "The edge detector did not find a qr rectangle"}}, {"pk": 10, "model": "site.statuscode", "fields": {"name": "Form not found", "description": "The edge detector did not find a form rectangle"}}, {"pk": 9, "model": "site.statuscode", "fields": {"name": "Map Rectangle not found", "description": "The edge detector did not find a map rectangle"}}, {"pk": 11, "model": "site.statuscode", "fields": {"name": "Error writing file to file system", "description": "Error writing file to the file system"}},
 {"pk": 1, "model": "site.uploadsource", "fields": {"name": "Web Form"}}, {"pk": 2, "model": "site.uploadsource", "fields": {"name": "Email"}}, {"pk": 3, "model": "site.uploadsource", "fields": {"name": "Manual"}},
 {"pk": 1, "model": "site.uploadtype", "fields": {"name": "attachment"}}, {"pk": 2, "model": "site.uploadtype", "fields": {"name": "map"}}, {"pk": 3, "model": "site.uploadtype", "fields": {"name": "photo"}}, {"pk": 4, "model": "site.uploadtype", "fields": {"name": "audio"}}, {"pk": 5, "model": "site.uploadtype", "fields": {"name": "video"}},
 {"pk": 2, "model": "site.errorcode", "fields": {"name": "Map rectangle could not be found", "description": ""}}, {"pk": 3, "model": "site.errorcode", "fields": {"name": "Scanned image could not be found on the server", "description": ""}}, {"pk": 1, "model": "site.errorcode", "fields": {"name": "QR-code could not be read", "description": ""}},
 {"pk": 1, "model": "auth.group", "fields": {"name": "Administrators", "permissions": []}}, {"pk": 2, "model": "auth.group", "fields": {"name": "Basic Users", "permissions": []}}, {"pk": 3, "model": "auth.group", "fields": {"name": "Project Leaders", "permissions": []}}, {"pk": 4, "model": "auth.group", "fields": {"name": "GIS Specialists", "permissions": []}}, {"pk": 5, "model": "auth.group", "fields": {"name": "Satellite Access", "permissions": []}}, {"pk": 6, "model": "auth.group", "fields": {"name": "Oakland Youth Mappers 2011", "permissions": []}}
 ]
